Workbook

Sheet Analiz
C2: 📊 İZLEME LİSTESİ ANALİZİ
C4: GENEL ÖZET
C5: 🎬 Film | D5: 📺 Dizi | E5: ⚡ Anime | F5: 🎮 Oyun | G5: 📚 Kitap | H5: 📖 Manga | I5: 📜 Eski
C6: =COUNTA(Film!A:A)-1 -> 65 | D6: =COUNTA(Dizi!A:A)-1 -> 38 | E6: =COUNTA(Anime!A:A)-1 -> 44 | F6: =COUNTA(Oyun!A:A)-1 -> 3 | G6: =COUNTA(Kitap!A:A)-1 -> 1 | H6: =COUNTA(Manga!A:A)-1 -> 2 | I6: =COUNTA(Eski!A:A)-1 -> 135
C7: =IFERROR(ROUND(AVERAGE(Film!C2:C10001),1),"—") -> 7.8 | D7: =IFERROR(ROUND(AVERAGE(Dizi!D2:D10000),1),"—") -> 8.6 | E7: =IFERROR(ROUND(AVERAGE(Anime!D2:D10000),1),"—") -> 8.6 | F7: =IFERROR(ROUND(AVERAGE(Oyun!C2:C10000),1),"—") -> 8.5 | G7: =IFERROR(ROUND(AVERAGE(Kitap!D2:D10000),1),"—") -> — | H7: =IFERROR(ROUND(AVERAGE(Manga!D2:D10000),1),"—") -> — | I7: —
C8: ort. puan | D8: ort. puan | E8: ort. puan | F8: ort. puan | G8: ort. puan | H8: ort. puan | I8: ort. puan
C10: 🎬 TOP 5 — FİLM | G10: ⚡ TOP 5 — ANİME
C11: 🥇 | D11: {=IFERROR(INDEX(Film!B:B,MATCH(LARGE(Film!C:C,1),Film!C:C,0)),"—")} -> Shutter Island (Rewatch) | E11: =IFERROR(LARGE(Film!C:C,1),"—") -> 10 | G11: 🥇 | H11: {=IFERROR(INDEX(Anime!B:B,MATCH(LARGE(Anime!D:D,1),Anime!D:D,0)),"—")} -> Code Geass (Rewatch) | I11: =IFERROR(LARGE(Anime!D:D,1),"—") -> 9.5
C12: 🥈 | D12: {=IFERROR(INDEX(Film!B:B,MATCH(LARGE(Film!C:C,2),Film!C:C,0)),"—")} -> Shutter Island | E12: =IFERROR(LARGE(Film!C:C,2),"—") -> 9.9 | G12: 🥈 | H12: {=IFERROR(INDEX(Anime!B:B,MATCH(LARGE(Anime!D:D,2),Anime!D:D,0)),"—")} -> Code Geass | I12: =IFERROR(LARGE(Anime!D:D,2),"—") -> 9.3
C13: 🥉 | D13: {=IFERROR(INDEX(Film!B:B,MATCH(LARGE(Film!C:C,3),Film!C:C,0)),"—")} -> The Dark Knight (Rewatch) | E13: =IFERROR(LARGE(Film!C:C,3),"—") -> 9.8 | G13: 🥉 | H13: {=IFERROR(INDEX(Anime!B:B,MATCH(LARGE(Anime!D:D,3),Anime!D:D,0)),"—")} -> Demon Slayer | I13: =IFERROR(LARGE(Anime!D:D,3),"—") -> 9.2
C14: 4 | D14: {=IFERROR(INDEX(Film!B:B,MATCH(LARGE(Film!C:C,4),Film!C:C,0)),"—")} -> Se7en | E14: =IFERROR(LARGE(Film!C:C,4),"—") -> 9.5 | G14: 4 | H14: {=IFERROR(INDEX(Anime!B:B,MATCH(LARGE(Anime!D:D,4),Anime!D:D,0)),"—")} -> Demon Slayer | I14: =IFERROR(LARGE(Anime!D:D,4),"—") -> 9.2
C15: 5 | D15: {=IFERROR(INDEX(Film!B:B,MATCH(LARGE(Film!C:C,5),Film!C:C,0)),"—")} -> Memento | E15: =IFERROR(LARGE(Film!C:C,5),"—") -> 9.3 | G15: 5 | H15: {=IFERROR(INDEX(Anime!B:B,MATCH(LARGE(Anime!D:D,5),Anime!D:D,0)),"—")} -> Demon Slayer | I15: =IFERROR(LARGE(Anime!D:D,5),"—") -> 9.2
C17: 📺 TOP 5 — DİZİ | G17: 🎮 TOP 5 — OYUN
C18: 🥇 | D18: {=IFERROR(INDEX(Dizi!B:B,MATCH(LARGE(Dizi!D:D,1),Dizi!D:D,0)),"—")} -> Game Of Thrones | E18: =IFERROR(LARGE(Dizi!D:D,1),"—") -> 9.7 | G18: 🥇 | H18: {=IFERROR(INDEX(Oyun!B:B,MATCH(LARGE(Oyun!C:C,1),Oyun!C:C,0)),"—")} -> Dispatch | I18: =IFERROR(LARGE(Oyun!C:C,1),"—") -> 9
C19: 🥈 | D19: {=IFERROR(INDEX(Dizi!B:B,MATCH(LARGE(Dizi!D:D,2),Dizi!D:D,0)),"—")} -> Game of Thrones | E19: =IFERROR(LARGE(Dizi!D:D,2),"—") -> 9.5 | G19: 🥈 | H19: {=IFERROR(INDEX(Oyun!B:B,MATCH(LARGE(Oyun!C:C,2),Oyun!C:C,0)),"—")} -> Pragmata | I19: =IFERROR(LARGE(Oyun!C:C,2),"—") -> 8.5
C20: 🥉 | D20: {=IFERROR(INDEX(Dizi!B:B,MATCH(LARGE(Dizi!D:D,3),Dizi!D:D,0)),"—")} -> Game of Thrones | E20: =IFERROR(LARGE(Dizi!D:D,3),"—") -> 9.5 | G20: 🥉 | H20: {=IFERROR(INDEX(Oyun!B:B,MATCH(LARGE(Oyun!C:C,3),Oyun!C:C,0)),"—")} -> Metro 2033 Redux | I20: =IFERROR(LARGE(Oyun!C:C,3),"—") -> 8
C21: 4 | D21: {=IFERROR(INDEX(Dizi!B:B,MATCH(LARGE(Dizi!D:D,4),Dizi!D:D,0)),"—")} -> Game of Thrones | E21: =IFERROR(LARGE(Dizi!D:D,4),"—") -> 9.3 | G21: 4 | H21: {=IFERROR(INDEX(Oyun!B:B,MATCH(LARGE(Oyun!C:C,4),Oyun!C:C,0)),"—")} -> — | I21: =IFERROR(LARGE(Oyun!C:C,4),"—") -> —
C22: 5 | D22: {=IFERROR(INDEX(Dizi!B:B,MATCH(LARGE(Dizi!D:D,5),Dizi!D:D,0)),"—")} -> Game of Thrones | E22: =IFERROR(LARGE(Dizi!D:D,5),"—") -> 9.3 | G22: 5 | H22: {=IFERROR(INDEX(Oyun!B:B,MATCH(LARGE(Oyun!C:C,5),Oyun!C:C,0)),"—")} -> — | I22: =IFERROR(LARGE(Oyun!C:C,5),"—") -> —
C24: 📚 TOP 5 — KİTAP | G24: 📖 TOP 5 — MANGA
C25: 🥇 | D25: {=IFERROR(INDEX(Kitap!B:B,MATCH(LARGE(Kitap!D:D,1),Kitap!D:D,0)),"—")} -> — | E25: =IFERROR(LARGE(Kitap!D:D,1),"—") -> — | G25: 🥇 | H25: {=IFERROR(INDEX(Manga!B:B,MATCH(LARGE(Manga!D:D,1),Manga!D:D,0)),"—")} -> — | I25: =IFERROR(LARGE(Manga!D:D,1),"—") -> —
C26: 🥈 | D26: {=IFERROR(INDEX(Kitap!B:B,MATCH(LARGE(Kitap!D:D,2),Kitap!D:D,0)),"—")} -> — | E26: =IFERROR(LARGE(Kitap!D:D,2),"—") -> — | G26: 🥈 | H26: {=IFERROR(INDEX(Manga!B:B,MATCH(LARGE(Manga!D:D,2),Manga!D:D,0)),"—")} -> — | I26: =IFERROR(LARGE(Manga!D:D,2),"—") -> —
C27: 🥉 | D27: {=IFERROR(INDEX(Kitap!B:B,MATCH(LARGE(Kitap!D:D,3),Kitap!D:D,0)),"—")} -> — | E27: =IFERROR(LARGE(Kitap!D:D,3),"—") -> — | G27: 🥉 | H27: {=IFERROR(INDEX(Manga!B:B,MATCH(LARGE(Manga!D:D,3),Manga!D:D,0)),"—")} -> — | I27: =IFERROR(LARGE(Manga!D:D,3),"—") -> —
C28: 4 | D28: {=IFERROR(INDEX(Kitap!B:B,MATCH(LARGE(Kitap!D:D,4),Kitap!D:D,0)),"—")} -> — | E28: =IFERROR(LARGE(Kitap!D:D,4),"—") -> — | G28: 4 | H28: {=IFERROR(INDEX(Manga!B:B,MATCH(LARGE(Manga!D:D,4),Manga!D:D,0)),"—")} -> — | I28: =IFERROR(LARGE(Manga!D:D,4),"—") -> —
C29: 5 | D29: {=IFERROR(INDEX(Kitap!B:B,MATCH(LARGE(Kitap!D:D,5),Kitap!D:D,0)),"—")} -> — | E29: =IFERROR(LARGE(Kitap!D:D,5),"—") -> — | G29: 5 | H29: {=IFERROR(INDEX(Manga!B:B,MATCH(LARGE(Manga!D:D,5),Manga!D:D,0)),"—")} -> — | I29: =IFERROR(LARGE(Manga!D:D,5),"—") -> —
C31: 📈 KATEGORİ ORTALAMA PUANLAR
C32: Film | D32: =IFERROR(ROUND(AVERAGE(Film!C2:C10001),2),0) -> 7.8
C33: Dizi | D33: =IFERROR(ROUND(AVERAGE(Dizi!D2:D10000),2),0) -> 8.56
C34: Anime | D34: =IFERROR(ROUND(AVERAGE(Anime!D2:D10000),2),0) -> 8.56
C35: Oyun | D35: =IFERROR(ROUND(AVERAGE(Oyun!C2:C10000),2),0) -> 8.5
C36: Kitap | D36: =IFERROR(ROUND(AVERAGE(Kitap!D2:D10000),2),"—") -> —
C37: Manga | D37: =IFERROR(ROUND(AVERAGE(Manga!D2:D10000),2),"—") -> —

Sheet Film
A1: TARİH | B1: FİLM ADI | C1: PUAN | D1: MEKAN | E1: KİŞİ | F1: DİL | G1: NOT | H1: TOPLAM: | I1: =COUNTA(A:A)-1 -> 65
A2: 45685 | B2: Pirates of the Caribbean: The Curse of the Black Pearl | C2: 7.6 | D2: Ev | E2: Tek kişi | F2: Altyazı | H2: ORT. PUAN: | I2: =IFERROR(AVERAGE(C2:C10001),0) -> 7.7953846
A3: 45689 | B3: Pirates of the Caribbean: Dead Man's Chest | C3: 7.4 | D3: Ev | E3: Tek kişi | F3: Altyazı
A4: 45691 | B4: Pirates of the Caribbean: At World's End | C4: 7.6 | D4: Ev | E4: Tek kişi | F4: Altyazı
A5: 45712 | B5: Shaun of the Dead | C5: 6.5 | D5: Ev | E5: Tek kişi | F5: Altyazı
A6: 45714 | B6: The Maze Runner | C6: 7.2 | D6: Ev | E6: Tek kişi | F6: Altyazı
A7: 45715 | B7: Maze Runner: The Scorch Trials | C7: 6.4 | D7: Ev | E7: Tek kişi | F7: Altyazı
A8: 45718 | B8: Horrible Bosses | C8: 7.3 | D8: Ev | E8: Babamla | F8: Dublaj
A9: 45719 | B9: The Gorge | C9: 7.6 | D9: Ev | E9: Tek kişi | F9: Altyazı
A10: 45729 | B10: Tag | C10: 6.6 | D10: Ev | E10: Tek kişi | F10: Altyazı
A11: 45731 | B11: World War Z | C11: 7.8 | D11: Ev | E11: Tek kişi | F11: Altyazı
A12: 45739 | B12: 21 | C12: 7.9 | D12: Ev | E12: Tek kişi | F12: Altyazı
A13: 45768 | B13: Intouchables | C13: 8.5 | D13: Ev | E13: Tek kişi | F13: Altyazı
A14: 45771 | B14: Catch Me If You Can | C14: 8.4 | D14: Ev | E14: Tek kişi | F14: Altyazı
... A33: 46087 | B33: Cast Away | C33: 7.4 | D33: Ev | E33: Tek Kişi | F33: Altyazı
A34: 46088 | B34: Phone Booth | C34: 8.5 | D34: Ev | E34: Tek Kişi | F34: Altyazı | G34: 90 dakikada hem gizem hem aksiyonu birbiriyle harmanlıyor üzerine karakterden mesaj veriliyor soluksuz izlenebilecek bir film oyunculuk çok iyi konusu çok ilginç
A35: 46102 | B35: Project Hail Mary | C35: 8.5 | D35: Sinema | E35: Sefa | F35: Altyazı | G35: Sinematografi çok güzel sahneler göz alıcı bilim göndemelerini yakalamak aşırı zevkli uzun soluklu bazı sahneler hafif mantıksız ama izlemesi zevkli
A36: 46131 | B36: Project X (Rewatch) | C36: 7.8 | D36: Ev | E36: DC (Enes,Utku,Turap) | F36: Altyazı | G36: Genç hayali izlemesi aşırı zevkli imdb puanının biraz daha üstünü hak ediyor sahneler çok iyi parti havasını çok iyi yansıtmış tam bir genç filmi
A37: 46138 | B37: Prisoners | C37: 8.1 | D37: Ev | E37: DC (Enes,Utku) | F37: Altyazı | G37: Sinematografi aktörlük oyuncular sahneler atmosfer çok iyi fakat sonu bana çok düz geldi bir twist bekliyordum ve ipucular izleyicinin çok fazla gözüne sokulmuş izlerken kendin tahmin ediyosun fakat film tahmin ettikten sonra direk kendini açık ediyor
A38: 46145 | B38: Shutter Island | C38: 9.9 | D38: Ev | E38: Tek Kişi | F38: Altyazı | G38: Film boyunca her yer detay doluydu özellikle filmin bitişindeki o meşhur cümle çok iyiydi,özellikle ligthouse sahnesinde seyirciyi ana karakter ile birleştiriyor seyircide ana karakter gibi olanlara inanmak istemiyor önüne sunulan bütün kanıtları görmezden gelmek istiyor masterpiece
A39: 46147 | B39: Edge Of Tomorrow | C39: 7.7 | D39: Ev | E39: Tek Kişi | F39: Altyazı | G39: Konusu klasik aksiyon filmlerinden onu ayırmış sonlara doğru hafif sıkıldım fakat bu benim saf aksiyon filmlerinden uzaklaşmamdan dolayı
A40: 46154 | B40: Take Shelter | C40: 7.6 | D40: Ev | E40: Tek Kişi | F40: Altyazı | G40: Biraz yavaş ilerliyor fakat adamın iç dünyası çok iyi verilmiş izlemesi hafif sıkıcı fakat yinede güzel
A41: 46159 | B41: The Road | C41: 7.2 | D41: Ev | E41: Tek Kişi | F41: Altyazı | G41: Atmosferi çok iyi verilmiş ortamın ciddiyetini hissediliyor sinematografi iyi fakat sonu filmin ciddiyetine hiç yakışmamış
A42: 46159 | B42: Shutter Island (Rewatch) | C42: 10 | D42: Ev | E42: DC (Enes,Mehmet) | F42: Altyazı | G42: Her detay her ayrıntı düşünülmüş hiç bir sahne gereksiz değil yeniden izleyince ortaya çıkan detaylar filmi mükemmelleştiriyor
A43: 46163 | B43: Die Hard | C43: 8.4 | D43: Ev | E43: Tek Kişi | F43: Altyazı | G43: Çıkış senesine göre çok iyi eski filmlere karşı olan ön yargımı kırdı sonu biraz ciddiyetsiz fakat filme yakışmış
A44: 46167 | B44: Sicario | C44: 5 | D44: Ev | E44: DC (Enes, Utku) | F44: Altyazı | G44: Verilmek istenen mesajlar çok klişe ve izleyicinin gözüne sokulmuş gereksiz uzatılmış izlemesi sıkıcı
A45: 46168 | B45: The Thing | C45: 8 | D45: Ev | E45: Tek Kişi | F45: Altyazı | G45: Canavarlar bugün bakınca absürt duruyor fakat yılına göre aşırı iyi CGI'sız yapılmış olması çok etkliyici senesinde izlesem çok daha fazla verirdim gizem ve gerilimi güzel izlemesi zevkli
... A54: 46196 | B54: Hangover | C54: 7.5 | D54: Ev | E54: Enes, Turap | F54: Altyazı | G54: Arkadaşlarla izlemelik, mantıksızlık dolu ancak böyle olması gereken bir film, ilk izlediğimde aldığım tatmin ile bunun arasında aşırı fazla fark vardı, eğlenceli ve güldüren türünde güzel kült bir film.
A55: 30.06 2026 | B55: Gravity | C55: 7.6 | D55: Ev | E55: Tek Kişi | F55: Altyazı | G55: Uzay temasını ele alan filmler arasında uzay atmosferi gerçekçiliğini en iyi veren film, filmin sesleri mükemmel uzay boşluğundaki hiçlik hissediliyor, tüm bilimsel detaylar düşünülmüş gibi (mesafeler hariç) , tek negatif yorumum gerilim sahnelerinin güzel fakat sonunda ne olacağı belli olduğundan dolayı filmin temposunu biraz düşürmesi ayrıca bu kadar gerçekçilik kasılmış bir filmde kötü son beklerdim fakat gidişattan böyle bir son olmayacağı belliydi.
A56: 46216 | B56: Due Date | C56: 7.3 | D56: Ev | E56: Babamla | F56: Altyazı | G56: hangoverdan biraz daha eğlenceliydi,normalde filmlere çok gülmem fakat bu filme çok güldüm, çerezlik boş kafayla izlemelik bir filmdi.
A57: 46218 | B57: Obsession | C57: 7.6 | D57: Sinema | E57: Ömer | F57: Altyazı | G57: İzlediğim korku filmleri arasından gerçekten rahatsız edici kategorisine sokabileceğim nadir filmlerden birisi. Filmin ilk yarısında tempo biraz yavaş, ikinci yarıda tempo hızlanıyor ancak ilk yarıdaki yavaş temponun yerini hikaye ilginçiliği ve merak kapatıyor. Filmde çok fazla "aşırı mükemmel sahne" var bu sahneler birazda olsa göze batıyorlar ve filmden kopmanızı sağlıyorlar ayrıca özellikle ilk yarıdaki çoğu sahne gerici olmamasına rağmen aşırı gerici müzikler kullanılması o sahneyi absürt gösteriyor bu ikiside doğallığı bozuyor. Ancak müzikler yersiz kullanılmasına rağmen ses tasarımı gayet güzel. Filmde beğenmediğim en büyük kısım ise korku temasının genellikle jumpscare ve yüksek sesli sahneler ile verilmesi filmden kopmama ve saygımı yitirmeme neden oldu bundan dolayı kesinlikle sinemada izlenmesi gereken bir film evde izlesem gerileceğimi bile düşünmüyorum. Her şeye rağmen sonu tahmin edilemezdi ve filmin outrosu gayet güzeldi. Konusu ilginç, rahatsız edici, gerici fakat korkunç olmayan bir film olarak özetlenebilir. İmdb puanı ise aşırı overrated.
A58: 46230 | B58: War Dogs | C58: 7.3 | D58: Ev | E58: Tek Kişi | F58: Altyazı | G58: Sinematografi yeterli, bazı sahneler komik, aktörler gayet iyi, hikaye ilginç, tam kafa dağıtmalık film gayet yeterli ve eğlenceli. Üzerine çok da konuşulup yorum yapılacak bir film değil izle geç filmi.
A59: 46234 | B59: American Made | C59: 7.5 | D59: Ev | E59: Tek Kişi | F59: Altyazı | G59: Sinematografi bulunduğu yılları çok iyi vermiş, klasik bu temada olan diğer filmler gibi karakter başlangıçta çok iyi kazanıp sonda kaybediyor, Tom Cruise'u bu şekilde bir karakterle görmeyi beklemiyordum ancak gayet güzel oturmuş, mantıksızlıklar var bu tarz filmde olmalı zaten, bir önceki film gibi tam kafa dağıtmalık, yeterli bir film.
A60: 46237 | B60: The Departed | C60: 9 | D60: Ev | E60: Tek Kişi | F60: Altyazı | G60: Aktörler mükemmel, senaryo mükemmel, baba yine yapmış yapacağını, bazı sahnelerde ufak güzel sembolizmler var, dönemin en iyi tüm aktörlerini toplamış, başka bir scorsese masterpiece'i.
A61: 46243 | B61: Reservoir Dogs | C61: 8.6 | D61: Tatil, DVD | E61: Tek Kişi | F61: Altyazı | G61: Aktörler çok iyi, diyaloglar mükemmel, karakterler süper. Sahnelerin uzunluğu filme bir öznellik ve gerçekçilik katmış. Film sonuna doğru tempo biraz düşüyor. Karekter betimlemeleri biraz uzun fakat hiç sıkmıyor. İlginç bir film, daha önce sahneleri bu kadar uzatıp doğallık katan bir film izlememiştim gayet güzel.
A62: 46245 | B62: The Big Short | C62: 7.4 | D62: Tatil kuşadası | E62: Tek Kişi | F62: Altyazı | G62: Tüm aktörleri bir filme toplamışlar gibi, diyaloglar güzel yazılmış. Filmin hitap ettiği kitle gerçekten düşük ben izlerken bir yerden sonra terim ve bilgi yetersizliğinden anlamadım fakat ana fikre tabikide hakimim. Bu kadar az bir kitleye hitap edip bu kadar iyi aktörleri nasıl işe alabilmişler bilmiyorum. Eğer filmi tam olarak anlayabilsem Project Hail Marry gibi filmlerden bilgiye sahip olduğum için aldığım zevki bundanda alırdım. Alanında çok başarılı bir film.
A63: 46250 | B63: Shrek | C63: 7.5 | D63: Ev | E63: Tek Kişi | F63: Dublaj | G63: Animasyom günümüze göre çok hafif eski kalmış ancak sırıtmıyor. Müzik seçimleri mükemmel. Çocuklara yönelik bir animasyon olmasına rağmen yetişkinlere yönelik birçok sahne var. Gerçekten eğlenceli bir film fakat bana bazı sahneler fazla kısa geldi buda filmin doğallığını biraz bozmuş biraz daha uzun olabilirdi. Dublaj gerçekten çok iyi. Çerezlik animasyon filmi denilebilir.
A64: 46255 | B64: Kill Bill: Vol. 1 | C64: 8.4 | D64: Ev | E64: Tek Kişi | F64: Altyazı | G64: Film introsunun farklılığı ve ilgi çekiciliği sayesinde seyircide büyük merak uyandırıyor. Hem introdaki hemde filmin genelindeki müzik seçimleri mükemmeldi filmi kült yapan detaylardan birisi denebilir. Diğer bir detay ise zaman zaman filmin gerçeklikten uzaklaşıp hem seyir zevkini arttırması hemde kendini özgün kılması. Şuana kadar izlediğim en "farklı" film diyebilirim. Ayrıca anime sahnesindeki animasyon kalitesi çok iyiydi, izlemesi zevkliydi. Kendi açımdan yorumlayacak olursam gerçekten iyi bir filmdi özellikle seyir zevki çok yüksekti fakat aksiyondan çok hikaye derinliğine, karakterlere önem veren birisi olarak benim için mükemmel ya da çok iyi bir film olduğunu söyleyemem ancak kesinlikle izlenmesi gereken bir film.
A65: 46256 | B65: The Machinist | C65: 7.6 | D65: Ev | E65: Dc (Turap, Enes) | F65: Altyazı | G65: Öncelikle Chiristian Bale'in aktörlüğü ve verdiği emekler gerçekten filmi bir üst seviyeye çıkarmış. Bunun yanında filmin hikayenin üstü kapalılığı sayesinde büyük merak uyandırması, sembolizmleri ve birçok sahnedeki küçük detayları gerçekten takdire şayan. Fakat tüm seyir zevki o sembolizmin ve kapalılığın altında kalmış gibi filmi izlerken sürekli daha sonrasında ne olacağını bekliyorsun ya da tahmin etmeye çalışıyorsun bu da anlık tatmini benim açımdan baya düşürüyor. Filmin asıl zevkli, kaliteli kısmı üstüne sonradan düşünüp o küçük detayları ve sembolizmin anlamını fark etmekten geliyor. Shutter İsland ve Memento'da hem izlediğin sahneler zevkli, ilginç hemde seni düşündürüyor fakat The Machinist sadece düşündürüyor. Sonuca bakacak olursak bu tarz gizem, hafif sembolik, depresif filmleri sevenlerin her ne kadar türün diğer filmleri kadar iyi olmasada kesinlikle izlemesi gereken bir film.
A66: 46258 | B66: Kill Bill Vol. 2 | C66: 8.5 | D66: Ev | E66: Tek Kişi | F66: Altyazı | G66: aaaaaaaaaa

Sheet Dizi
A1: TARİH | B1: DİZİ ADI | C1: SEZON/BÖLÜM | D1: PUAN | E1: NOT | F1: TOPLAM: | G1: =COUNTA(A:A)-1 -> 38
A2: 45689 | B2: How I Met Your Mother | C2: 8. Sezon | D2: 7.8 | F2: ORT. PUAN: | G2: =IFERROR(AVERAGE(D2:D10000),0) -> 8.5631579
A3: 45695 | B3: How I Met Your Mother | C3: Overall | D3: 9
A4: 45730 | B4: İnvincible | C4: 3. Sezon | D4: 9.2
A5: 45749 | B5: Lost | C5: 1. Sezon | D5: 8.2
A6: 45755 | B6: Lost | C6: 2. Sezon | D6: 8.2
A7: 45770 | B7: Lost | C7: 3. Sezon | D7: 8
A8: 45826 | B8: Vis a Vis | C8: 1. Sezon | D8: 7.2
A9: 45850 | B9: Squid Game | C9: 3. Sezon | D9: 8
A10: 45850 | B10: Squid Game | C10: Overall | D10: 8
A11: 45860 | B11: Sopranos | C11: 1. Sezon | D11: 9
A12: 45899 | B12: Game of Thrones | C12: 1. Sezon | D12: 9
A13: 45905 | B13: Game of Thrones | C13: 2. Sezon | D13: 9.3
A14: 45911 | B14: Game of Thrones | C14: 3. Sezon | D14: 9.3
... A39: 45769 | B39: İnvincible | C39: 4. Sezon | D39: 9.5

Sheet Anime
A1: TARİH | B1: ANİME ADI | C1: SEZON/BÖLÜM | D1: PUAN | E1: NOT | F1: TOPLAM: | G1: =COUNTA(A:A)-1 -> 44
A2: 45696 | B2: Demon Slayer | C2: 1. Sezon | D2: 9 | F2: ORT. PUAN: | G2: =IFERROR(AVERAGE(D2:D10000),0) -> 8.5590909
A3: 45698 | B3: Demon Slayer | C3: 2. Sezon | D3: 9
A4: 45700 | B4: Demon Slayer | C4: 3. Sezon | D4: 8.7
A5: 45701 | B5: Demon Slayer | C5: 4. Sezon | D5: 9
A6: 45702 | B6: Demon Slayer | C6: 5. Sezon | D6: 9
A7: 45702 | B7: Demon Slayer | C7: Overall | D7: 9.2
A8: 45734 | B8: A Silent Voice | C8: Film | D8: 8.1
A9: 45736 | B9: Your Name | C9: Film | D9: 8.1
A10: 45740 | B10: Dandadan | C10: 1. Sezon | D10: 8
A11: 45747 | B11: Solo Leveling | C11: 2. Sezon | D11: 9.2
A12: 45772 | B12: Komi Can't Communicate | C12: 1. Sezon | D12: 9
A13: 45776 | B13: Komi Can't Communicate | C13: 2. Sezon | D13: 9
A14: 45779 | B14: My Dress Up Darling | C14: 1. Sezon | D14: 8.5
... A29: 46077 | B29: Frieren | C29: 1. Sezon | D29: 8.8
A30: ?.02.2026 | B30: Regular Show | C30: 2. Sezon | D30: 8.2
A31: 46084 | B31: Regular Show | C31: 3. Sezon | D31: 8.3
A32: 46110 | B32: Frieren | C32: 2. Sezon | D32: 8.5
A33: 46110 | B33: Regular Show | C33: 4. Sezon | D33: 8.4
A34: 46144 | B34: Regular Show | C34: 5. Sezon | D34: 8.4
A35: 46144 | B35: Kono Subarashii Sekai ni Shukufuku wo! | C35: 1. Sezon | D35: 7.9
A36: 46149 | B36: Kono Subarashii Sekai ni Shukufuku wo! | C36: 2. Sezon | D36: 7.8
A37: 46160 | B37: Konosuba | C37: Film | D37: 8
A38: 46162 | B38: Regular Show | C38: 6. Sezon | D38: 8.5
A39: 46185 | B39: Regular Show | C39: 7. Sezon | D39: 8.6 | E39: Benson'ın ciddiyetini ve saygısını bitiren sezondu.
A40: 46192 | B40: Regular Show | C40: 8. Sezon | D40: 8.5 | E40: Sezonun bazı ilk bölümleri biraz sıkıcı olsada hikaye ile alakalı olan bölümler mükemmeldi. Sonuda güzel işlenmişti üzdü baya.
A41: 46192 | B41: Regular Show | C41: Overall | D41: 9.2 | E41: Mükemmel bir dizi, tam bir gençlik rüyası dizisi, izlediğim en iyi çizgifilm.
A42: 46192 | B42: Regular Show The Movie | C42: Film | D42: 8.5 | E42: Başlangıcı yavaş, sonu hızlıydı ancak serinin tek filmi olmasına rağmen klasik regular show havasını yakalayabilmiş gayet yeterli bir film.
A43: 46202 | B43: Kono Subarashii Sekai ni Bakuen wo! | C43: Overall | D43: 8 | E43: Ana dizi gibi rastgele değil bir olay akışı var, sıkmadan 3 günde izlenecek komik anime.
A44: 46213 | B44: Konosuba | C44: 3. Sezon | D44: 8.4 | E44: Açık ara en çok beğendiğim sezon oldu bunun sebebi ufakta olsa 3 bölümlük gibi olay örgülerinin olması önceki sezonlarda bu tek bölümlüktü animeyi ciddiye alamamama sitcom gibi izlememe neden oluyordu ayrıca bu sezon ana karakter etkileşimlerini daha çok beğendim ve önceli sezonlardan daha komikti.
A45: 46230 | B45: Code Geass (Rewatch) | C45: 1. Sezon | D45: 9.5 | E45: Bu türü seven herkesin kesinlikle izlemesi gereken bir masterpiece,ilk izleyişim değildi ve animeyi birazcık unutmuş olmama rağmen neredeyse tüm önemli anları biliyordum ancak bunları bilmem bile bir an bile sıkılmadan diziyi bana izlettirdi. Bazı yerlerde tezatlıklar ve sembolizmler yapılmış bunlar diziye ayrı bir detay katıyor ve mükemmelleştiriyor. Karakterler çok iyi yazılmış. Ancak animasyon eskiliği ve stili ayrıca plotun karışıklığı normal izleyiciye fazla gelebilir ve sıkılabilir. Benim için bir masterpiece bu türde izlediğim en iyi yapım olabilir.

Sheet Kitap
A1: TARİH | B1: KİTAP ADI | C1: YAZAR | D1: PUAN | E1: NOT | F1: TOPLAM: | G1: =COUNTA(A:A)-1 -> 1
A2: (??).(?).2025 | B2: Satranç | C2: Stefan Zweig | F2: ORT. PUAN: | G2: =IFERROR(ROUND(AVERAGE(D2:D10000),1),"—") -> —

Sheet Oyun
A1: TARİH | B1: OYUN ADI | C1: PUAN | D1: NOT | E1: TOPLAM: | F1: =COUNTA(A:A)-1 -> 3
A2: 45982 | B2: Dispatch | C2: 9 | E2: ORT. PUAN: | F2: =IFERROR(ROUND(AVERAGE(C2:C10000),1),"—") -> 8.5
A3: 46144 | B3: Pragmata | C3: 8.5
A4: 46212 | B4: Metro 2033 Redux | C4: 8 | D4: Atmosfer mükemmel, hikaye kitap oyunu olmasına rağmen biraz eksik buldum oyunun % 80 lik kısmında sadece bir istasyona gidip mesaj iletmeye çalışmak tek motivasyonumuz, gunplayi çıkış yılına göre gayet yeterli eskimemiş, ranger da oynamama rağmen zorlanmadım, hem post apokaliptik hemde fps survival shooter olması benim bu oyunu beğenmemin ana sebebi.

Sheet Manga
A1: TARİH | B1: MANGA ADI | C1: CİLT | D1: PUAN | E1: NOT | F1: TOPLAM: | G1: =COUNTA(A:A)-1 -> 2
A2: (??).(01).2026 | B2: Berserk | C2: 1-2-3-4 | F2: ORT. PUAN: | G2: =IFERROR(ROUND(AVERAGE(D2:D10000),1),"—") -> —
A3: 46069 | B3: Berserk | C3: 5. Cilt

Sheet Eski
A1: MEDYA ADI | B1: MEDYA TÜRÜ | C1: TOPLAM: | D1: =COUNTA(A:A)-1 -> 135
A2: Blue Eye Samurai (1 Sezon) | B2: Anime
A3: Cyberpunk Edgerunners (1 Sezon) | B3: Anime
A4: Death Note (2 Sezon) | B4: Anime
A5: Attack on Titan (4 Sezon) | B5: Anime
A6: Arcane (2 Sezon) | B6: Anime
A7: Disenchantment (4 Sezon) | B7: Çizgi Dizi
A8: İnside Job (2 Sezon) | B8: Çizgi Dizi
A9: Breaking Bad (5 Sezon) | B9: Dizi
A10: La Case De Papel (5 Sezon) | B10: Dizi
A11: The Walking Dead (11 Sezon) | B11: Dizi
A12: Vis a Vis (2 Sezon) | B12: Dizi
A13: The Witcher (3 Sezon) | B13: Dizi
... A136: Puss in Boots: The Last Wish | B136: Film
